Associations;Topics
президент;polytic
депутат;polytic
путин;polytic
россия;polytic
украина;polytic
зеленский;polytic
навальный;polytic
оон;polytic
америка;polytic
евросоюз;polytic
война;polytic
майдан;polytic
кремль;polytic
политика;polytic
закон;polytic
конституция;polytic
санкции;polytic
китай;polytic
царь;polytic
власть;polytic
оппозиция;polytic
посол;polytic
совет;polytic
налог;polytic
новости;polytic
страна;polytic
государство;polytic
сво;polytic
коррупция;polytic
лавров;polytic
песков;polytic
немцов;polytic
сенат;polytic
нато;polytic
оппозиционер;polytic
тюрьма;polytic
штраф;polytic
иммиграция;polytic
сша;polytic
монархия;polytic
губернатор;polytic
кадыров;polytic
парламент;polytic
дипломат;polytic
фургал;polytic
фашизм;polytic
нацизм;polytic
телевизор;polytic
соловьев;polytic
жириновский;polytic
госдума;polytic
мэр;polytic
голосование;polytic
консул;polytic
реформа;polytic
армия;polytic
мобилизация;polytic
диктатура;polytic
токаев;polytic
эрдоган;polytic
самолет;polytic
демилитаризация;polytic
пригожин;polytic
конфликт;polytic
дебаты;polytic
срочник;polytic
мобилизованный;polytic
солдат;polytic
родина;polytic
федерация;polytic
агент;polytic
иностранный;polytic
лукашенко;polytic
партия;polytic
режим;polytic
митинг;polytic
чиновник;polytic
воровать;polytic
репрессии;polytic
министр;polytic
националист;polytic
фашист;polytic
байден;polytic
меркель;polytic
дискредитировать;polytic
дискредитация;polytic
служить;polytic
агитировать;polytic
запрет;polytic
юзать;it
урл;it
код;it
докер;it
питон;it
джава;it
программировать;it
база;it
данные;it
админ;it
айти;it
айпи;it
адрес;it
джаваскрипт;it
скрипт;it
аккаунт;it
алгоритм;it
модель;it
таблица;it
рефакторинг;it
джун;it
мидл;it
сеньор;it
гит;it
репозиторий;it
разработчик;it
файл;it
класс;it
наследование;it
идентификация;it
авторизация;it
аутентификация;it
джанго;it
ассемблер;it
полиморфизм;it
разработка;it
проект;it
оптимизировать;it
оптимизация;it
словарь;it
запрос;it
обрабатывать;it
обработка;it
редис;it
кэш;it
хэширование;it
кэширование;it
курс;it
орм;it
индексы;it
структура;it
программист;it
линукс;it
винда;it
сервер;it
локальный;it
бэкенд;it
сериализация;it
юзер;it
тест;it
фронтенд;it
ошибка;it
баг;it
фича;it
веб;it
нейронный;it
машинный;it
гуглить;it
стек;it
инкапсуляция;it
рекурсия;it
капча;it
кодер;it
коммит;it
лайфхак;it
макос;it
протокол;it
ооп;it
ос;it
массив;it
комп;it
компьютер;it
реляционный;it
субд;it
транзакция;it
тестировать;it
хэш;it
фиксить;it
тойота;cars
бмв;cars
мерседес;cars
субару;cars
лада;cars
автоваз;cars
стеклоподъемники;cars
электростеклоподъемники;cars
колесо;cars
шина;cars
диск;cars
тормоз;cars
коробка;cars
двигатель;cars
мотор;cars
механический;cars
гонять;cars
дрифт;cars
авто;cars
рено;cars
пежо;cars
магнитола;cars
мафон;cars
бампер;cars
руль;cars
торпеда;cars
ручник;cars
кондиционер;cars
спидометр;cars
скорость;cars
тахометр;cars
бензин;cars
дизель;cars
камаз;cars
авария;cars
печка;cars
педаль;cars
автоматический;cars
тонировка;cars
сцепление;cars
топливо;cars
бензобак;cars
газ;cars
багажник;cars
капот;cars
амортизатор;cars
пружина;cars
салон;cars
бардачок;cars
приборный;cars
подвеска;cars
турбина;cars
каршеринг;cars
генератор;cars
стартер;cars
радиатор;cars
москвич;cars
коллектор;cars
аккумулятор;cars
тосол;cars
лобовой;cars
глушитель;cars
автоспорт;cars
панорама;cars
мазда;cars
опель;cars
тачка;cars
машина;cars
автомобиль;cars
зажигание;cars
тесла;cars
электромобиль;cars
чинить;cars
шкив;cars
хром;cars
хромированный;cars
рестайлинг;cars
обивка;cars
оптика;cars
фара;cars
антифриз;cars
пластик;cars
кожа;cars
пассажир;cars
водитель;cars
комплектация;cars
киа;cars
хонда;cars
подстаканник;cars
подлокотник;cars
мультимедия;cars
управление;cars
динамика;cars
готовить;food
рецепт;food
блюдо;food
рулет;food
деликатес;food
соль;food
перец;food
паприка;food
чеснок;food
лук;food
морковь;food
картофель;food
картошка;food
варить;food
жарить;food
запекать;food
духовка;food
печь;food
сковородка;food
кастрюля;food
ложка;food
вилка;food
нож;food
суп;food
спагетти;food
котлета;food
сковорода;food
макароны;food
приправы;food
бургер;food
блин;food
кекс;food
торт;food
соус;food
сыр;food
гриб;food
базилик;food
тимьян;food
розмарин;food
сливочный;food
пряный;food
соленый;food
масло;food
подсолнечный;food
сливки;food
капуста;food
свекла;food
жареный;food
вареный;food
столовый;food
чайный;food
кипятить;food
вода;food
кипячение;food
курица;food
говядина;food
свинина;food
фарш;food
запечённый;food
каша;food
гречка;food
греча;food
рис;food
стейк;food
коптить;food
копченый;food
рыба;food
мука;food
вкусный;food
пахнуть;food
резать;food
отрезать;food
блендер;food
микроволновка;food
сало;food
жир;food
жирный;food
мясо;food
мясорубка;food
баклажан;food
пицца;food
горсть;food
щепотка;food
укроп;food
петрушка;food
консервированный;food
томат;food
помидор;food
огурец;food
пирог;food
чили;food
пармезан;food
начинка;food
тесто;food
продукт;food
молоко;food
нож;food
рафинированный;food
сахар;food
грамм;food
морковный;food
луковый;food
уксус;food
сироп;food
кетчуп;food
майонез;food
паста;food
